age,gender,bmi,children,smoker,region,expenses
61,female,30.1,2,no,southwest,13366.76
45,male,26.8,3,no,northeast,8338.03
28,male,42.7,1,no,southwest,2058.96
19,male,33.0,1,no,northwest,1882.08
60,male,27.4,1,no,northwest,30434.86
40,female,21.2,0,no,northeast,7183.75
63,male,20.6,0,yes,northwest,48596.4
51,male,30.9,1,yes,northeast,35623.33
60,male,20.8,1,yes,southeast,3181.46
28,male,33.8,0,yes,southeast,51687.59
32,male,21.0,0,no,northwest,5417.39
39,female,23.0,3,no,northwest,7879.43
34,female,33.5,1,no,southwest,6386.58
57,female,23.3,3,no,southwest,3988.18
27,male,22.1,1,no,southeast,2158.62
52,female,35.6,0,no,northwest,12579.4
46,male,29.8,0,no,southeast,18345.0
63,female,31.5,0,no,southeast,13383.28
53,male,33.5,3,yes,northeast,15212.63
41,male,25.1,1,no,northeast,4786.42
36,female,33.0,1,no,northeast,8654.99
47,male,35.4,1,no,southwest,8477.88
45,male,35.3,0,no,southeast,8502.94
43,male,28.6,1,no,southwest,11113.18
21,female,32.4,2,no,southeast,18859.38
19,female,20.6,3,no,northeast,4969.59
49,male,27.7,3,no,southwest,5297.16
41,male,35.5,1,no,northeast,7147.81
38,male,35.1,0,no,southeast,1905.52
32,male,29.8,0,no,southwest,8472.99
56,male,32.5,0,no,northeast,13243.69
41,female,24.6,1,no,southwest,6809.14
27,female,31.2,4,no,northwest,4981.08
61,male,37.0,0,no,northwest,7870.44
21,female,21.3,0,no,northwest,2248.38
22,female,20.2,2,no,southeast,2212.96
46,female,26.6,0,no,southeast,5608.68
57,female,31.5,0,no,southwest,26474.79
64,male,23.9,0,no,northwest,14362.88
39,female,36.1,0,no,southwest,10161.76
18,female,47.5,1,no,southeast,2825.47
36,female,23.3,1,no,southeast,6826.6
20,female,30.1,0,no,southeast,1188.42
31,male,25.8,3,no,northwest,4832.08
46,female,32.9,0,yes,northeast,45715.5
62,female,30.4,3,yes,northwest,12986.43
25,male,29.5,0,no,northeast,4425.31
37,male,36.2,0,no,northwest,12880.62
46,female,31.0,2,no,northwest,8442.01
47,female,25.5,3,no,southwest,8358.03
46,male,30.1,3,yes,northwest,42365.29
60,male,38.7,1,no,southwest,12989.77
52,female,30.8,3,no,northwest,26276.28
49,female,31.3,0,yes,northeast,42582.94
58,male,28.7,5,no,southwest,10758.24
45,female,24.6,2,no,northeast,5248.39
60,male,31.5,0,yes,northeast,33475.91
60,female,32.6,3,no,northwest,10732.94
35,female,30.3,1,no,southwest,8494.85
38,male,30.0,1,no,southwest,1968.81
50,male,40.9,0,yes,northwest,42805.47
63,male,23.7,3,yes,northeast,14267.88
56,female,32.9,2,yes,northwest,18331.37
40,female,26.9,1,yes,southeast,21996.58
30,male,41.3,1,no,southeast,3584.31
32,male,35.4,3,no,southwest,8834.86
36,female,26.5,0,no,northwest,2080.26
59,male,32.1,2,no,southeast,13913.26
46,female,34.8,2,no,northwest,8401.77
60,male,33.6,0,no,northwest,12414.64
22,female,34.4,3,yes,southeast,36969.09
54,male,33.4,0,no,southeast,12807.43
19,female,37.9,0,no,southwest,4897.08
58,male,37.8,0,no,southwest,11345.19
61,female,39.1,0,no,southwest,12225.29
27,female,37.4,2,no,northeast,5044.47
21,female,38.0,0,no,southeast,11432.52
18,female,24.1,0,no,southeast,4187.09
59,female,29.8,0,no,southeast,4388.33
45,female,40.3,4,no,southwest,5317.54
58,male,28.0,1,no,southwest,14421.79
18,male,30.3,3,no,northeast,7152.39
27,female,30.6,2,yes,northeast,15665.56
28,male,26.0,0,no,southeast,29523.6
47,male,24.7,2,no,southeast,9015.83
58,female,37.0,0,no,southeast,13310.0
46,female,30.4,1,yes,northwest,18768.13
18,male,27.2,2,no,southeast,1719.9
39,male,28.5,1,no,southwest,7596.6
58,female,31.8,0,no,southeast,14062.97
58,female,28.7,1,no,northwest,29854.23
59,male,30.1,0,no,northwest,2086.39
51,female,25.0,0,no,southeast,3039.98
49,female,38.3,1,no,southeast,8378.33
57,female,35.6,2,no,northeast,36395.69
19,female,41.2,0,yes,southwest,33220.89
64,male,32.9,3,no,southeast,12933.87
20,female,36.4,0,yes,northeast,18499.37
60,male,30.6,0,yes,northeast,49800.36
47,female,32.8,0,no,southwest,1972.45
59,male,25.0,1,no,southwest,5374.09
30,male,24.5,2,yes,northwest,19589.38
18,female,30.2,0,yes,northeast,2186.94
46,male,44.1,2,yes,northeast,40878.61
42,female,35.0,2,no,northeast,7774.24
56,female,26.6,2,no,northwest,12231.43
39,male,46.1,1,no,northeast,9001.72
61,female,36.0,2,no,southwest,8481.54
62,female,28.9,0,no,northeast,27742.56
43,male,29.8,4,no,northeast,9054.6
63,male,25.7,2,yes,southwest,14422.18
18,female,38.2,3,no,northeast,2217.08
41,female,26.8,1,no,southwest,5251.18
24,female,28.8,3,no,northwest,12875.86
56,female,31.4,0,no,southwest,13456.61
64,female,30.9,0,no,northwest,3264.32
27,male,27.7,0,yes,southeast,19089.17
52,female,32.5,3,no,northwest,42713.7
43,male,29.0,0,yes,northwest,16568.23
41,male,36.6,0,no,southwest,9807.87
42,female,23.0,1,no,northeast,7983.58
18,male,21.7,0,yes,northeast,5453.79
19,male,21.8,1,no,southeast,1636.45
37,male,31.2,1,no,southeast,1705.72
18,female,21.2,0,no,northeast,4181.45
23,female,31.0,0,yes,southeast,35019.97
50,male,35.8,3,yes,southeast,45478.9
45,female,41.2,0,yes,southeast,43462.44
50,male,17.5,2,no,northwest,10324.05
33,male,34.1,3,no,southwest,6461.86
42,female,24.1,3,yes,southeast,24823.93
52,male,33.5,2,no,southwest,22146.25
57,male,47.5,0,no,northwest,13504.31
28,male,40.4,2,no,northeast,3212.07
46,male,40.1,1,yes,southeast,40242.19
24,male,38.0,3,no,northwest,15783.38
50,male,36.6,1,yes,southeast,42529.99
22,male,21.4,3,yes,southwest,35871.34
43,female,40.9,1,yes,southeast,9592.02
37,female,40.5,2,no,southeast,8937.99
34,male,23.1,0,no,southwest,2524.69
20,female,21.7,0,no,southwest,2364.74
38,female,34.3,3,no,northwest,10133.41
48,female,26.9,2,no,southwest,5898.78
21,female,41.5,0,yes,northwest,32534.19
64,female,24.5,0,no,northeast,13948.08
61,male,30.5,0,no,southwest,12911.16
55,male,32.3,0,no,northwest,10718.87
35,female,26.4,0,no,southeast,13618.16
19,female,27.7,0,no,southwest,3819.45
52,male,41.1,3,no,northwest,11289.91
21,female,20.9,1,no,southwest,16039.42
19,female,32.6,0,no,southeast,1630.52
22,female,35.7,4,no,northwest,9815.35
60,male,37.5,1,no,southwest,4963.78
31,female,33.6,2,no,southeast,12003.04
23,female,29.1,0,no,southeast,12835.57
58,male,38.3,1,yes,southwest,42657.45
33,male,36.6,2,no,southeast,4007.65
18,male,30.4,0,yes,northeast,52192.4
20,female,25.8,0,no,southeast,2276.67
26,male,31.4,0,yes,northeast,42667.61
59,female,29.6,0,no,northeast,13869.19
61,female,27.4,0,yes,southwest,27761.65
58,male,31.8,0,no,northeast,13120.81
39,female,34.2,1,no,southeast,6772.29
19,female,33.2,0,no,southwest,1355.99
43,male,32.3,3,no,southwest,11459.84
63,male,33.9,0,no,southwest,11348.32
28,female,30.6,2,no,northeast,11873.16
27,male,29.6,0,no,southwest,11843.28
34,male,33.1,0,no,southeast,5058.76
42,male,37.7,1,no,southeast,8937.69
19,female,39.6,0,no,southwest,1651.82
23,female,33.3,0,no,northwest,1184.17
47,male,44.2,1,yes,southeast,38100.89
39,male,37.3,0,yes,northwest,40108.49
48,male,19.1,2,no,southeast,11404.22
28,male,32.2,2,no,southwest,12153.24
37,female,27.2,1,no,southwest,4192.16
57,male,23.9,3,yes,southeast,24454.93
34,female,36.1,1,no,southwest,2153.74
18,female,28.1,1,no,northeast,14352.15
41,female,25.0,0,no,southeast,28249.29
48,female,32.6,1,no,southwest,9219.7
34,female,33.2,1,no,northwest,18953.55
29,male,34.4,1,no,southeast,5433.03
39,female,30.5,0,no,southwest,8912.8
19,female,20.9,0,yes,southeast,36017.49
24,female,27.1,1,no,northeast,5213.29
57,male,28.9,1,no,northwest,5247.73
62,male,35.9,1,no,northeast,37503.44
31,female,27.6,0,no,southwest,22555.56
19,male,27.5,0,no,northeast,2745.03
35,female,37.9,0,no,northeast,3382.3
45,female,33.9,3,no,northwest,8529.99
37,female,28.8,0,yes,southeast,17317.13
18,male,23.8,4,yes,northwest,1726.77
59,male,28.0,0,yes,southeast,17576.0
43,male,25.5,3,no,northwest,7555.47
41,male,30.9,2,no,northwest,5909.78
51,female,23.4,2,no,northwest,5303.98
24,male,34.1,3,no,southeast,5855.23
49,female,29.2,1,no,southeast,24072.41
42,female,30.9,0,no,northwest,13409.48
43,male,26.9,2,no,northeast,7092.57
19,female,29.6,0,yes,northwest,36711.29
45,female,30.9,1,yes,northeast,52390.96
48,male,28.3,0,no,northwest,8232.9
52,female,28.0,1,no,northwest,7951.8
50,female,37.1,1,no,southeast,23762.18
36,female,31.7,0,no,southwest,4537.46
49,female,32.1,2,no,southeast,9379.38
25,male,33.6,2,yes,southeast,47554.34
49,female,25.8,1,no,northwest,11941.33
50,male,31.7,0,yes,southeast,42373.02
18,male,33.0,1,no,southeast,1721.68
46,female,29.9,0,yes,southeast,26305.02
28,female,27.0,2,yes,southeast,21729.78
19,female,31.8,0,yes,northwest,36494.11
47,female,31.5,1,yes,southwest,44377.75
56,male,35.1,1,no,southeast,12412.26
25,female,31.7,0,no,northeast,7200.1
20,male,41.8,1,no,southwest,6453.83
35,female,36.3,0,no,southwest,10136.34
34,female,25.7,0,no,southwest,13245.09
21,female,34.9,0,yes,southeast,14484.5
24,female,20.7,0,yes,southeast,32865.78
55,female,27.6,3,no,northwest,29237.77
52,female,21.6,0,no,northeast,20814.97
52,male,30.5,1,yes,southwest,26408.36
51,male,36.1,3,yes,southeast,23669.76
53,male,39.5,3,no,southeast,5304.48
19,male,29.0,1,yes,southeast,30323.69
64,female,36.5,2,no,southeast,3277.74
52,male,26.2,2,no,northwest,4059.41
18,female,39.4,2,no,southeast,18497.21
42,male,32.4,1,yes,northeast,43815.23
61,male,34.4,3,no,northeast,11885.75
29,female,34.2,2,no,southwest,2892.01
52,female,25.7,3,no,southwest,9012.03
58,male,32.8,0,no,northwest,11076.56
51,female,23.6,2,no,northwest,4933.27
24,male,31.8,0,no,northwest,33746.74
36,female,30.6,0,no,southeast,27158.31
20,female,33.3,0,no,northeast,3191.03
21,male,30.1,0,no,southeast,2122.46
58,female,33.3,2,no,southeast,8396.49
35,female,31.3,1,yes,northeast,28670.12
55,male,30.9,0,yes,northeast,21485.41
23,female,35.0,1,no,northeast,31362.53
48,male,30.8,2,yes,southwest,46471.5
35,male,25.6,1,no,northeast,4764.5
36,male,30.6,2,no,southwest,35347.61
19,female,30.2,1,no,southeast,12093.08
39,female,41.2,1,no,southeast,9566.7
34,male,30.1,0,yes,southeast,33897.29
36,male,25.5,1,no,southwest,8113.57
19,female,25.7,0,no,southeast,3804.12
42,male,31.6,3,yes,southeast,45775.38
38,male,19.4,0,no,northwest,1816.96
43,male,32.0,3,no,southeast,8671.94
35,male,34.0,2,no,southwest,26515.27
38,male,21.2,0,no,northeast,14360.96
41,female,30.8,1,no,southeast,9979.42
31,male,37.5,0,no,northwest,3273.6
30,male,35.8,1,yes,southeast,40548.08
47,male,33.8,1,no,northwest,10948.64
34,female,24.8,0,yes,northeast,16722.84
33,male,27.4,3,no,northeast,25663.36
61,male,31.1,0,no,northwest,12189.69
59,male,30.9,2,no,southwest,1935.45
64,male,28.5,0,no,southwest,4932.29
49,male,36.8,3,no,southeast,7192.23
29,female,21.6,2,no,northeast,4585.82
60,female,21.9,3,no,northeast,2324.98
51,female,42.0,2,no,southwest,14378.07
52,male,40.9,0,no,northeast,10260.31
37,female,32.1,3,no,southwest,5607.55
53,male,31.6,2,no,northwest,7597.64
55,male,27.3,2,no,southeast,12330.61
42,male,37.8,2,yes,southeast,36514.38
30,female,31.2,3,no,northeast,11888.49
53,male,27.0,2,yes,southeast,24330.99
52,male,32.0,2,no,southwest,9353.51
57,female,34.6,1,no,northeast,11004.42
60,female,34.1,0,no,northwest,14003.85
50,female,22.2,0,no,southwest,3040.99
51,female,26.7,1,yes,northwest,28729.59
23,female,32.9,1,no,southeast,4191.35
47,female,29.7,2,no,northwest,3881.01
25,female,35.8,0,no,northwest,45805.44
54,female,37.6,0,no,southwest,2000.31
55,male,36.6,0,no,southeast,12224.75
38,female,26.3,2,no,southeast,12334.52
52,female,30.0,1,no,northwest,9053.04
34,female,42.4,3,no,northwest,18875.24
26,male,38.0,1,no,southeast,5675.99
60,female,35.1,0,yes,northwest,48330.4
20,female,33.1,0,no,northeast,2750.07
41,male,34.3,5,no,southeast,3528.7
26,male,28.6,1,no,southeast,4419.16
54,male,34.4,1,no,southeast,10584.61
48,female,33.7,0,no,southwest,5923.89
20,female,39.8,3,no,southeast,2736.55
36,male,26.4,2,yes,northwest,25835.81
44,male,31.8,0,no,southeast,4524.8
34,male,25.3,0,no,southeast,5137.56
53,female,17.3,2,no,northeast,9862.37
33,male,25.6,1,no,northeast,3794.67
46,female,17.4,0,no,northwest,1916.44
55,female,29.9,0,no,northeast,13061.72
26,male,27.5,2,no,northwest,28266.01
46,female,21.2,2,no,northeast,10311.43
54,male,28.0,1,no,northeast,23397.55
55,female,47.4,0,no,southwest,13280.29
21,male,35.1,0,no,southeast,11851.83
22,male,38.3,2,no,northeast,4780.47
38,female,33.2,2,no,southeast,10072.59
52,male,34.8,3,no,southwest,10189.32
25,female,32.8,0,no,southeast,14117.62
60,male,21.3,0,yes,northeast,13029.06
40,female,25.7,4,no,northeast,29958.41
48,male,25.4,1,yes,northeast,19114.83
55,female,26.2,0,no,southeast,5316.83
60,male,34.4,1,no,southeast,4398.9
49,male,22.1,2,yes,northwest,24397.09
22,male,34.1,2,no,southeast,3936.08
60,female,37.6,2,yes,northwest,47829.17
29,male,30.6,2,no,northeast,4591.27
34,female,20.6,1,no,southwest,3990.59
23,male,29.3,0,no,northwest,11791.87
64,male,41.1,1,no,southeast,2587.05
44,male,30.1,1,no,southeast,6435.82
28,male,23.7,5,no,northwest,14911.73
49,male,17.3,2,no,northwest,9464.12
59,female,30.9,0,no,southwest,12325.9
32,female,17.4,1,no,northeast,20629.05
39,male,33.6,2,yes,southeast,44017.31
29,female,34.0,0,yes,southwest,38423.69
61,male,37.3,1,no,northwest,5314.77
52,male,34.1,0,no,northwest,3029.15
48,female,32.8,2,no,southeast,2747.51
36,male,20.5,0,no,northwest,9365.84
52,male,23.0,0,no,southeast,8436.52
56,male,33.5,0,no,northwest,13246.64
40,female,22.6,2,no,northeast,6392.22
49,male,28.6,0,no,southwest,5865.53
31,male,28.0,3,no,northwest,7153.18
57,female,33.9,0,no,southwest,8444.58
31,male,33.2,3,no,northwest,10822.58
36,male,18.0,3,yes,southwest,6942.16
25,female,29.6,1,no,southeast,4344.12
31,female,24.9,0,no,northwest,3169.98
47,male,28.2,0,no,northeast,2774.01
40,male,31.4,2,no,northwest,7845.34
39,male,25.5,1,no,southeast,28566.94
43,female,29.2,0,no,northeast,1709.55
29,female,31.8,0,no,northeast,5671.58
59,female,17.4,3,no,southeast,3246.93
64,female,27.2,0,no,northwest,13438.9
56,male,41.8,3,yes,southeast,43856.16
30,male,29.2,4,no,northwest,4253.04
37,male,22.6,1,no,southwest,8034.36
35,female,25.2,3,yes,southwest,35910.4
47,male,23.3,2,no,northeast,8881.74
40,male,26.7,0,no,northeast,9379.94
52,female,20.5,1,no,southeast,11421.73
19,female,20.4,1,yes,southwest,34035.53
47,male,32.2,1,no,northwest,8742.1
57,female,30.0,0,no,southeast,11414.31
26,male,33.7,0,no,southeast,2526.21
24,male,23.3,0,no,northeast,5931.33
55,female,37.1,2,no,southeast,12512.45
64,female,20.5,1,no,northeast,12774.15
36,female,23.6,1,no,northeast,9536.29
35,female,36.2,2,no,southeast,4461.9
37,female,32.6,3,no,northwest,5919.36
36,male,24.7,0,no,northwest,6128.29
35,male,23.7,2,no,southwest,4983.04
41,male,32.1,0,no,southeast,6814.28
21,female,32.0,0,no,northwest,18701.29
46,female,31.9,1,yes,northeast,41928.52
23,female,31.8,0,no,northwest,2100.45
18,female,24.4,0,no,northwest,14391.52
18,female,33.0,0,no,northwest,7340.97
62,female,23.0,3,no,northwest,6195.62
49,female,28.6,2,no,northeast,8424.56
38,female,29.9,0,no,southeast,2918.49
29,male,33.3,0,no,northeast,4273.92
23,female,32.1,3,no,northeast,2850.37
37,female,23.0,1,no,northeast,9214.07
38,female,31.4,0,no,northwest,13460.3
37,female,27.6,0,no,northwest,21877.91
25,female,28.6,0,no,northeast,8010.66
56,female,37.0,1,no,southeast,12754.35
20,male,37.5,2,no,southwest,5800.05
52,female,29.0,1,no,southeast,11346.37
19,female,20.5,0,no,northeast,12362.2
18,male,27.1,0,no,southeast,2103.34
27,male,40.2,1,yes,northeast,39260.53
58,female,21.5,0,no,northeast,27718.12
64,male,29.6,2,yes,southwest,11311.12
49,female,32.4,3,no,northwest,10525.82
28,female,26.7,0,no,southeast,13996.12
23,male,31.2,0,no,southeast,7174.2
33,male,30.6,0,yes,southeast,39551.74
61,female,29.2,0,no,southeast,3571.63
22,female,17.9,0,no,southeast,1685.71
22,male,33.1,0,yes,southwest,36597.22
61,male,22.6,1,yes,northeast,39665.48
25,male,34.0,0,no,northeast,1956.04
38,female,34.0,0,no,northwest,13595.92
37,male,35.5,1,no,southeast,4292.49
38,male,17.6,0,no,southeast,6242.76
64,female,36.9,0,no,northwest,1942.63
44,female,26.2,2,no,southeast,8047.77
39,female,17.3,0,no,southeast,23582.04
19,male,24.6,0,no,northwest,13969.01
47,male,29.2,0,no,northeast,8634.79
19,female,30.6,1,no,southwest,2583.65
49,male,31.2,0,no,northwest,9534.87
42,female,27.9,2,no,northwest,8859.19
61,female,34.6,2,no,northwest,12431.59
61,female,32.5,0,no,southeast,13148.79
56,male,28.5,0,no,northwest,1899.53
20,female,39.2,0,yes,southeast,34077.58
21,female,25.6,0,no,southeast,3132.56
21,female,37.6,0,no,northwest,4198.49
21,male,26.7,0,yes,northwest,39300.91
19,male,30.6,0,no,northwest,1221.99
47,female,32.8,3,yes,northeast,23743.38
63,male,26.0,1,no,southeast,14286.78
60,male,38.0,1,no,northeast,3391.83
62,male,22.3,0,yes,northwest,18499.02
18,male,28.6,1,no,northeast,9417.27
48,female,37.7,1,no,southwest,14516.27
23,female,18.5,3,yes,southwest,50459.61
50,female,21.4,0,no,northeast,23655.47
28,female,24.9,0,no,southeast,11953.53
49,female,26.8,1,no,northwest,8611.08
46,male,38.9,1,no,southwest,6348.23
18,female,36.3,0,no,southwest,1178.06
39,male,37.3,1,yes,northeast,40744.03
26,male,18.6,2,no,northwest,2259.63
31,male,34.5,1,no,southeast,4044.06
41,male,32.9,1,no,southeast,7198.56
53,female,34.9,0,no,northwest,9813.85
41,male,30.8,0,no,northeast,13182.84
63,male,33.4,2,no,southeast,12150.23
63,female,22.1,0,no,southeast,5346.38
31,female,29.0,3,yes,southwest,18625.53
45,female,28.5,1,yes,southeast,23314.35
55,female,27.6,1,no,southeast,12042.53
26,female,31.6,3,no,northwest,24313.21
35,female,24.5,0,no,northeast,4294.94
60,male,42.4,0,no,northwest,12282.59
26,female,34.7,0,no,southwest,5415.4
36,male,34.4,0,no,southwest,6059.85
56,male,33.3,0,no,southeast,8336.8
28,male,34.7,0,no,northeast,12895.78
34,female,35.3,1,no,northeast,5606.52
53,female,33.1,0,no,southeast,9736.34
51,female,28.9,1,no,northwest,4224.81
32,female,23.7,4,yes,northeast,24645.6
24,male,20.9,2,yes,northeast,7009.92
20,female,25.4,0,no,northeast,4591.03
40,male,34.9,1,no,northwest,8753.88
37,male,26.3,0,no,northeast,6447.95
58,female,36.1,1,yes,southwest,6822.96
25,female,29.9,0,yes,southwest,13432.87
40,male,25.9,0,no,northeast,11198.67
29,male,36.0,3,yes,northwest,48756.54
51,female,36.7,0,no,northeast,3812.05
36,male,40.9,0,yes,northeast,45446.58
19,male,27.7,0,no,northwest,1368.41
25,male,39.9,0,no,southwest,5827.83
25,female,35.9,1,no,northwest,7467.76
43,male,31.9,0,no,southwest,1900.26
51,female,35.5,2,no,southwest,4121.54
32,male,33.3,2,no,northwest,1965.19
47,male,30.3,1,yes,southeast,41692.91
46,male,40.4,2,yes,northeast,38431.41
55,male,20.2,0,no,southwest,2315.05
57,female,20.0,4,no,northeast,12023.7
32,male,32.6,0,no,southwest,3997.05
30,female,38.1,2,no,southwest,7290.7
52,male,41.1,0,yes,southwest,43692.83
63,male,35.7,2,no,southwest,7564.41
56,female,31.0,0,no,southwest,13293.73
41,female,29.6,2,no,southwest,20399.9
30,male,17.4,1,no,southwest,4029.69
54,female,28.4,1,no,southwest,4975.53
57,male,40.7,1,no,southeast,11504.42
34,male,29.3,2,no,northeast,27912.96
28,female,28.1,3,no,northwest,14412.45
50,male,38.0,0,no,southeast,10488.56
54,male,27.0,2,yes,southwest,19820.94
58,male,35.3,0,no,northwest,12603.47
49,male,29.6,0,yes,northeast,18133.39
52,male,35.9,0,no,southwest,1936.04
31,male,24.2,1,no,southeast,20209.88
41,female,33.7,2,no,southeast,9766.52
59,female,30.9,0,no,northwest,2274.83
37,male,29.6,2,yes,northwest,16585.01
39,male,33.1,0,no,northeast,17759.13
63,female,28.6,0,no,northeast,11024.72
50,female,23.1,2,no,southwest,10199.92
22,female,29.8,0,yes,southeast,36523.07
25,female,34.1,0,no,southeast,2068.67
21,male,39.5,0,yes,southeast,35026.68
49,male,37.4,3,yes,southwest,39132.4
42,male,41.3,1,no,southwest,8092.89
52,male,37.7,3,no,southeast,12037.66
55,female,22.1,3,yes,northwest,28151.85
54,female,22.9,3,no,southwest,10088.34
29,female,24.7,1,no,southeast,12989.1
64,female,38.8,0,no,northeast,5666.84
51,female,29.9,3,no,southeast,4296.92
20,male,28.7,1,no,southwest,4645.74
62,male,32.9,2,no,southeast,11343.04
21,male,32.0,1,no,southwest,7209.01
57,female,28.6,0,no,southwest,10755.11
23,female,35.6,1,no,northwest,8444.87
41,female,37.7,2,no,southeast,5405.41
59,female,29.6,0,no,northeast,1691.52
51,male,26.4,4,yes,northwest,29386.6
25,female,17.4,2,no,northwest,17134.59
50,female,42.3,2,no,northwest,10906.01
52,female,33.6,3,yes,southwest,40040.79
54,male,29.0,1,yes,southwest,25329.23
21,female,34.1,0,no,southeast,4316.04
61,male,21.2,3,no,northwest,13842.64
32,female,38.9,0,no,northeast,2179.67
30,female,22.7,3,no,northeast,4033.67
64,female,24.7,2,yes,southwest,44453.77
57,male,32.9,5,no,northeast,19372.25
38,male,20.0,0,no,northwest,3497.38
25,female,29.8,1,no,northwest,7332.15
27,female,36.5,1,no,southeast,5728.85
36,female,27.1,2,no,northwest,7226.85
60,female,34.1,0,yes,southwest,43587.45
42,male,33.1,2,yes,southeast,38049.81
42,female,21.5,2,yes,northeast,15301.04
59,male,26.6,0,no,northwest,1797.81
60,female,33.7,3,yes,northwest,48514.3
60,female,38.1,0,yes,northeast,14518.95
30,female,23.3,1,no,southwest,7847.04
29,female,26.3,3,no,northwest,4661.48
42,male,23.0,0,no,northwest,8582.91
19,male,30.9,3,no,southwest,1229.24
27,female,36.6,0,no,southeast,1662.25
34,male,24.8,3,no,southeast,2771.71
19,male,29.8,0,no,southwest,1684.82
55,male,30.4,0,no,southwest,13067.18
48,female,27.9,0,no,southeast,11481.88
19,male,33.8,0,yes,southwest,27057.34
42,male,36.1,0,no,southeast,43504.44
57,female,33.7,3,yes,southwest,14459.74
58,female,22.6,1,no,northwest,12070.03
32,male,40.3,3,no,northwest,3945.94
55,female,32.0,0,yes,southeast,51822.54
27,female,36.3,1,yes,southeast,35346.81
53,female,21.3,0,no,northwest,7760.35
49,male,29.6,1,no,southeast,6321.48
55,male,30.9,0,no,northwest,14254.57
47,male,36.6,1,yes,northeast,41744.38
25,male,34.5,1,no,southwest,3890.41
37,female,29.3,0,yes,southwest,35989.12
30,male,34.4,5,yes,southwest,39614.89
54,female,27.8,3,yes,southwest,9910.87
55,female,29.9,0,no,northwest,12367.41
28,female,36.4,2,no,northwest,13625.29
18,male,37.3,2,no,southeast,2231.68
23,male,32.4,0,yes,southwest,45000.28
36,female,29.8,2,yes,northeast,6708.58
42,male,22.5,0,no,northwest,3409.38
36,female,23.8,3,no,northwest,6196.22
39,female,19.6,1,no,southeast,7513.87
39,female,41.7,2,no,southeast,6159.73
31,female,31.8,3,yes,northeast,39780.62
57,male,18.1,1,no,southeast,8222.79
63,female,31.5,3,no,northeast,4348.83
54,male,30.0,0,no,southwest,7960.27
18,male,24.3,0,no,northeast,1899.23
29,female,24.0,1,no,southeast,5362.3
62,female,28.3,3,no,northwest,2030.98
35,male,31.4,2,no,northeast,29574.17
26,male,29.8,1,no,northwest,4346.81
44,female,37.8,2,no,southwest,36723.7
58,male,33.8,2,yes,northeast,46696.72
30,male,27.2,0,no,southwest,2017.44
18,male,40.8,1,no,southwest,1601.12
52,male,32.7,3,no,southwest,9726.99
37,female,34.1,1,yes,southwest,39236.75
40,male,34.4,0,no,northeast,3911.78
31,male,30.2,3,no,northwest,9429.48
33,male,28.5,3,no,southeast,8384.26
50,male,27.5,0,no,southeast,23614.64
29,male,27.2,2,yes,southeast,18860.86
21,male,34.2,0,no,northeast,12352.52
32,female,29.6,1,no,southwest,5239.49
19,male,32.2,2,yes,northwest,38240.76
37,male,26.6,0,yes,northeast,40099.45
23,male,40.2,3,no,northwest,2729.9
53,female,32.5,2,no,southeast,11994.83
52,female,29.7,0,yes,northwest,23584.81
33,female,26.1,2,no,northwest,4098.62
44,female,34.6,1,no,southeast,9434.0
27,male,30.1,3,yes,northwest,37198.52
63,male,31.4,0,no,southwest,14027.64
52,female,29.2,3,no,southeast,9521.98
57,male,25.5,0,no,northwest,1714.68
44,female,30.1,2,no,northwest,5096.01
18,female,28.5,0,no,northeast,1705.31
23,female,38.3,0,yes,southeast,47679.55
19,female,28.3,0,no,southwest,1729.81
28,female,36.4,2,no,southeast,7645.36
22,male,31.1,0,yes,southwest,35059.92
36,male,32.4,0,no,northeast,2325.28
54,female,36.6,0,no,southwest,9862.71
48,male,17.6,1,yes,northeast,40422.69
56,male,38.3,1,no,southeast,11158.34
40,female,25.0,1,no,northwest,9290.24
26,female,43.9,3,no,northwest,12454.17
29,female,30.5,1,no,northeast,5199.79
37,male,28.3,1,no,northeast,8736.91
18,female,46.2,0,no,southeast,1663.12
40,male,25.4,1,no,northwest,7909.46
61,male,18.6,0,no,northeast,10650.55
23,male,43.1,1,no,northwest,6978.72
56,female,20.3,0,no,northeast,14459.12
30,female,32.1,1,no,southeast,4062.57
52,male,26.4,3,no,northwest,11311.36
36,female,30.2,2,no,northeast,9290.05
58,male,33.6,0,no,southwest,12360.05
44,male,30.3,0,no,northwest,2034.1
24,female,34.7,2,no,southeast,44464.84
27,female,32.3,0,no,northwest,2197.15
25,female,32.1,1,no,southeast,18397.28
57,male,23.8,0,no,southeast,1971.89
31,female,32.6,0,no,northeast,2734.43
53,female,30.1,2,no,southwest,8227.08
18,male,34.1,0,yes,southwest,34790.2
25,female,26.2,1,no,southwest,3777.14
24,male,27.4,1,no,northwest,4685.21
44,female,31.8,1,no,northeast,5609.35
32,female,25.7,1,no,northeast,7998.86
32,female,25.8,3,no,northeast,9976.88
62,male,30.0,0,no,southwest,11348.68
51,female,29.8,1,no,southwest,4737.76
50,male,26.1,1,yes,northwest,8422.58
58,male,30.3,0,no,southeast,1620.57
33,female,21.1,0,no,southwest,2145.96
23,male,36.7,1,yes,southeast,40079.56
48,female,25.9,0,yes,northwest,19998.22
22,female,28.5,3,no,northeast,12068.99
27,male,33.2,0,no,southeast,2019.92
34,female,21.4,3,yes,northeast,6614.48
26,female,25.6,0,no,southwest,12430.81
57,male,36.9,2,no,southeast,11345.8
51,male,28.6,1,no,northwest,11631.5
42,female,22.8,3,no,southwest,6754.28
18,male,23.1,4,yes,northeast,32584.92
39,female,32.8,2,no,northeast,26808.7
40,female,36.8,1,yes,northwest,18631.26
45,female,33.4,3,no,southwest,8499.55
26,female,37.6,1,no,northwest,12955.52
31,male,37.8,1,no,northwest,2771.2
36,male,25.2,1,yes,southwest,6663.98
26,male,23.4,2,no,southeast,9143.18
43,female,24.4,3,no,northeast,11215.72
28,male,27.7,2,yes,southwest,3349.19
31,female,26.4,1,no,northwest,10812.91
39,male,34.4,2,no,southeast,7746.72
49,female,24.0,2,yes,northwest,19716.05
40,female,28.5,3,no,northwest,24145.23
26,female,21.2,0,yes,southeast,25083.84
26,female,23.7,1,no,northwest,3325.12
49,male,25.6,2,no,southeast,8523.4
23,male,37.8,2,no,southwest,2287.76
64,female,30.8,0,yes,northwest,36050.48
57,male,36.0,0,no,southeast,13978.93
18,female,23.1,0,no,northeast,1709.21
57,female,46.0,1,no,southwest,13289.44
26,male,26.7,1,no,northwest,14076.51
40,female,28.5,1,yes,northeast,25709.69
29,female,25.7,0,no,southeast,4058.62
58,female,31.6,0,no,southwest,3451.69
37,female,31.2,1,no,southwest,3014.53
47,male,27.9,2,no,southeast,8684.9
18,male,17.4,2,no,southwest,1979.82
19,male,30.1,3,yes,southwest,34030.25
18,female,33.9,3,no,northeast,1981.52
41,female,29.8,0,no,northeast,9443.1
53,male,26.8,2,yes,northeast,20700.37
34,male,37.4,1,no,northwest,3803.34
22,female,29.5,3,no,southwest,9139.36
64,female,27.1,0,no,southwest,14124.34
59,female,25.9,1,yes,southeast,17637.87
54,male,30.7,3,no,northeast,9634.5
34,female,22.8,0,yes,northwest,16386.82
24,female,25.6,0,no,northeast,2532.7
64,female,25.8,1,yes,northwest,50479.91
49,male,20.7,0,yes,southwest,19660.43
47,female,26.6,3,yes,southeast,40628.55
35,male,31.3,0,no,northwest,9830.76
23,female,32.2,0,no,northwest,8826.22
45,female,36.1,0,no,northeast,28007.77
61,male,31.0,2,no,southeast,8332.7
37,female,29.9,0,no,northwest,13466.71
49,male,20.9,1,no,northeast,10128.23
25,female,25.1,0,no,southwest,5373.41
55,female,37.1,3,no,southwest,12921.1
62,female,34.9,4,no,northeast,5706.23
57,male,20.4,0,no,northeast,12994.91
32,female,37.1,2,yes,northwest,16354.82
34,female,23.5,0,yes,southeast,17850.6
21,female,47.1,2,no,southeast,5786.49
59,male,25.7,0,no,northeast,12151.35
60,male,30.1,0,no,northwest,2579.49
36,male,27.6,0,no,southwest,5617.43
51,male,34.1,3,no,southeast,7899.79
41,female,37.2,0,no,northwest,4072.45
39,male,20.0,1,no,northwest,8390.79
25,male,25.2,0,yes,northeast,19667.29
53,male,28.1,1,no,southwest,5740.31
60,male,32.8,1,yes,southwest,46977.94
23,male,43.3,5,no,southwest,2192.35
34,male,29.1,2,no,southwest,1911.22
57,male,35.0,2,no,southeast,13328.56
28,male,33.4,0,no,northwest,1970.12
20,female,24.3,0,yes,northeast,18652.29
37,female,29.0,2,no,southeast,6249.06
19,male,27.3,0,no,northwest,2018.2
45,female,36.1,3,no,southwest,7777.41
30,male,30.3,1,no,southwest,2089.13
61,male,31.6,1,no,northeast,14394.58
25,male,34.9,2,yes,southwest,36917.82
38,male,35.8,1,no,southeast,4516.64
27,female,30.8,1,yes,northeast,46088.89
64,female,32.7,2,no,southwest,3170.5
29,male,25.5,0,no,southwest,1644.04
18,female,30.2,0,no,northeast,2165.42
44,female,24.5,1,no,southeast,6577.29
43,male,23.6,3,yes,southwest,24481.64
24,female,27.8,0,no,southwest,1741.21
55,female,32.0,0,no,southeast,11298.36
58,male,25.2,0,no,southwest,2819.35
51,female,19.1,0,no,southeast,6106.07
30,female,25.6,3,no,northwest,2234.72
19,male,37.1,2,yes,southwest,23428.86
26,female,29.0,3,no,southwest,11930.99
30,male,22.7,1,no,northeast,4044.35
50,male,40.1,0,yes,southeast,24811.13
33,female,24.2,0,no,northwest,30875.86
20,male,41.5,0,yes,southeast,36907.88
24,male,27.6,2,no,southeast,2356.29
32,female,34.4,2,no,southeast,3245.94
42,male,26.6,0,no,northeast,7882.68
61,female,21.9,0,no,northwest,27515.02
38,female,21.6,3,no,northwest,2365.69
54,female,21.6,0,no,northeast,7647.29
63,female,35.5,0,no,northeast,6024.73
22,male,33.8,0,no,southeast,1691.69
22,male,23.9,0,no,northwest,11814.99
53,female,27.5,2,yes,southwest,24479.05
22,male,32.4,2,yes,northeast,13469.06
47,female,29.9,4,no,southeast,11547.1
38,female,28.1,1,no,northwest,12993.62
58,female,24.7,0,no,northeast,27856.29
24,male,24.6,0,no,southwest,2552.16
31,female,27.7,3,no,northwest,3115.16
19,female,27.1,1,no,southwest,6881.64
27,female,33.0,0,no,southwest,1910.02
56,male,40.7,3,no,northwest,14126.04
33,female,26.9,0,no,southwest,15407.69
24,male,31.9,0,no,northwest,3584.6
23,female,31.2,0,yes,southwest,44030.84
23,male,31.7,2,no,northeast,1269.29
56,male,32.7,1,no,southwest,4498.14
20,female,37.5,1,no,southeast,2669.23
37,male,26.8,1,no,southwest,7114.58
58,female,36.2,0,no,southeast,13173.44
29,male,23.8,2,no,northwest,9638.08
34,female,27.3,0,no,southwest,11644.13
18,female,31.8,0,yes,southeast,36160.53
57,male,36.6,1,no,northeast,37551.02
51,female,22.4,3,yes,southwest,18074.28
31,male,28.8,2,no,northeast,3141.77
30,male,36.5,3,no,southwest,5965.16
44,female,33.9,0,no,southeast,4532.67
39,male,29.3,4,no,northeast,6398.64
57,female,30.1,0,no,northeast,2536.19
36,female,33.0,5,no,northwest,12077.8
28,female,27.7,0,no,southeast,2326.13
62,female,27.9,1,no,southwest,5321.62
45,male,34.4,3,yes,northwest,37307.59
34,male,28.0,0,yes,southeast,19297.33
48,female,36.4,2,no,northwest,6877.44
44,male,37.7,0,yes,southeast,19881.96
23,male,44.3,0,no,northwest,9620.64
25,male,21.3,2,no,northwest,4002.93
41,female,29.8,0,no,southwest,8278.04
60,female,23.7,0,no,northeast,13045.3
29,female,40.9,0,no,southeast,3902.47
31,female,32.3,2,no,northwest,4103.59
57,male,42.4,1,no,southeast,9302.05
40,female,22.9,1,no,northeast,6077.27
38,female,34.3,2,no,northwest,7551.59
59,female,26.2,0,no,northwest,1631.51
18,male,31.7,0,yes,southeast,34951.64
26,male,29.8,0,no,southeast,5849.65
59,female,30.1,2,no,southwest,3462.73
18,male,28.1,0,no,northeast,2197.48
36,male,44.4,3,no,southeast,7147.75
24,male,34.8,1,no,southwest,1970.28
24,male,39.7,2,no,northeast,11885.41
56,male,33.7,1,no,southwest,5438.25
33,female,32.3,1,yes,northeast,48455.96
19,female,18.6,0,no,northwest,3808.31
56,male,34.1,1,no,southwest,2092.71
51,male,44.1,1,yes,southwest,9562.62
36,male,24.0,1,yes,northeast,37431.52
43,male,33.4,3,no,southwest,9570.58
48,female,47.3,0,no,southeast,11550.58
22,male,28.5,0,no,northeast,2008.4
19,male,32.9,3,no,southeast,14035.85
36,male,25.6,2,no,southwest,11934.2
38,male,29.8,2,no,northwest,10166.71
52,male,30.5,3,no,northwest,9209.67
49,female,28.6,1,yes,northwest,25866.38
57,female,30.2,0,no,southeast,11774.39
33,male,27.7,3,no,southwest,8511.83
36,male,27.8,2,yes,southeast,3315.43
18,female,29.1,0,no,northeast,1208.09
39,female,23.8,2,no,northeast,6420.84
61,female,36.3,1,no,southwest,5988.0
25,male,34.6,1,yes,southeast,19741.38
44,male,44.4,0,yes,northeast,33025.61
53,male,39.9,0,no,southeast,1673.18
55,female,29.8,2,no,northwest,11900.78
63,female,31.6,0,no,northeast,14033.92
30,female,20.4,0,no,northeast,4261.04
43,female,41.6,4,no,northeast,7911.05
24,female,27.4,1,no,northeast,5106.69
49,male,32.5,3,no,southwest,24252.21
64,female,28.5,3,no,southeast,9195.57
63,female,22.2,0,no,southeast,11039.98
58,female,27.7,0,yes,southwest,36712.09
36,female,36.4,2,no,northeast,5572.08
25,female,29.6,4,no,southeast,5010.02
61,female,37.7,0,no,southwest,7595.05
50,male,20.4,1,no,southwest,11525.3
24,female,31.5,2,no,southeast,9332.24
63,female,39.8,0,no,southwest,14016.64
37,male,21.8,0,no,southwest,1238.87
26,male,31.1,0,no,southwest,1966.41
21,male,26.5,0,no,southwest,30131.35
30,female,27.2,2,no,southwest,3678.42
29,male,34.2,0,yes,southwest,45575.94
40,male,35.5,3,no,southeast,7209.42
45,male,30.0,1,yes,southeast,41943.61
54,female,17.8,0,no,northwest,13943.32
39,male,34.8,4,no,northwest,1831.26
56,female,23.9,1,no,southwest,12176.36
59,female,23.2,0,no,northwest,2211.77
25,female,20.9,0,no,southwest,6855.9
37,female,27.3,1,no,southwest,3912.59
51,female,37.0,2,no,northwest,6632.58
57,female,39.7,2,no,southeast,4442.71
58,female,23.1,0,no,northeast,8402.95
25,female,32.9,2,no,southwest,2852.63
29,male,32.1,3,no,southeast,4913.75
29,female,25.7,1,no,southwest,5012.24
30,male,29.6,0,no,southeast,11921.53
23,female,38.1,2,yes,southwest,42136.07
51,female,34.4,3,no,northwest,14145.54
58,male,38.0,0,yes,southeast,34569.96
55,female,25.8,3,no,northwest,20645.99
47,male,27.3,1,no,southwest,6896.71
45,female,21.2,0,no,northeast,10463.21
62,male,36.6,1,yes,northwest,37247.08
39,female,26.3,0,no,northwest,8485.01
33,female,39.5,2,no,southeast,7380.04
56,male,23.1,1,yes,northeast,50851.22
32,female,37.2,2,no,northwest,8626.07
28,female,40.4,2,no,northeast,11476.68
18,female,46.4,0,yes,southeast,36743.63
63,female,33.9,0,yes,southwest,13957.6
59,female,28.0,0,no,northeast,12264.89
25,male,25.1,3,no,southeast,23596.91
25,female,28.4,1,no,southeast,6629.16
42,female,27.4,0,no,southeast,3351.44
39,female,20.9,2,no,southwest,7003.62
18,male,30.2,2,no,southeast,2219.5
39,male,31.8,1,no,southwest,4529.9
30,female,39.2,1,no,southeast,3949.08
18,female,29.0,1,yes,northwest,19873.99
33,male,30.1,0,yes,northeast,18490.45
36,female,23.2,0,no,northeast,5470.07
18,female,36.7,0,no,southeast,4149.13
31,male,41.5,2,no,southeast,3309.19
33,male,37.5,5,no,southeast,12340.01
59,female,23.0,1,yes,northeast,16821.5
20,female,37.8,2,no,southwest,11362.53
54,male,28.5,0,yes,southwest,42166.61
33,male,29.6,0,no,northeast,10448.05
29,male,37.5,0,no,southeast,2827.57
31,male,38.5,0,no,southeast,4372.4
43,female,35.1,0,no,northeast,7750.48
52,female,20.7,0,no,northeast,11310.25
18,male,25.1,0,no,southeast,1724.94
54,male,33.3,0,no,southeast,10810.04
19,male,37.5,2,yes,southeast,47752.5
55,female,40.8,0,no,southeast,23404.79
53,female,25.7,0,yes,northwest,22048.75
52,male,32.1,1,no,southwest,10810.18
22,female,35.0,0,yes,southeast,49244.64
19,male,38.2,0,no,southwest,1187.02
22,female,43.7,0,no,southeast,13416.69
32,female,36.1,0,no,northwest,9238.27
39,male,32.3,1,no,southeast,6373.89
28,female,39.3,3,no,southwest,20303.12
36,male,34.0,2,no,southwest,6819.22
52,female,35.4,2,no,northwest,9864.1
54,female,21.8,1,no,northwest,12638.49
25,male,27.6,0,yes,southwest,50304.05
21,female,38.8,0,no,southeast,14068.95
33,female,31.5,2,yes,southeast,3887.29
61,male,47.3,3,yes,southeast,47669.51
48,male,27.5,1,no,southeast,6881.07
30,male,20.9,3,no,northwest,2933.09
34,female,30.7,0,no,northeast,5854.36
37,female,17.9,1,no,northeast,5541.24
52,male,39.2,0,no,southeast,13200.15
41,female,29.4,0,yes,northwest,22152.93
44,male,35.1,3,no,southwest,7354.47
37,female,24.8,0,no,northwest,2779.66
23,male,27.6,2,yes,northwest,3083.04
34,male,23.3,1,no,northwest,5137.35
61,female,40.9,3,no,northwest,5291.62
31,female,26.6,1,no,northwest,4804.01
48,male,34.4,0,no,northwest,1944.96
41,male,27.6,1,yes,northeast,46237.27
35,female,34.1,0,no,southwest,7412.63
50,female,35.0,3,yes,southwest,44343.86
18,female,25.4,0,no,northeast,2832.52
22,female,36.6,0,no,southwest,5325.28
30,male,20.1,1,no,southeast,1932.28
61,female,25.3,0,no,northwest,12423.48
35,female,34.1,3,no,northwest,10034.13
47,female,22.9,2,yes,southwest,8926.75
42,female,19.0,0,no,northeast,10106.37
61,male,26.2,0,yes,northwest,46862.1
25,male,27.4,2,no,northeast,27274.37
36,female,30.4,3,no,northwest,7716.5
30,female,36.4,1,no,northeast,4588.86
30,male,30.9,3,yes,southwest,39173.89
45,female,36.2,2,no,southwest,8585.4
57,female,39.9,1,no,northwest,8396.88
59,female,35.6,1,yes,southeast,36804.83
30,male,42.4,1,no,southeast,8785.84
57,male,33.0,0,no,northwest,12000.08
48,female,18.5,3,no,northeast,24292.33
59,female,35.4,0,no,southeast,8305.96
43,male,27.8,0,no,southeast,1783.23
38,male,34.1,1,yes,southwest,25468.75
42,female,33.7,3,no,southeast,4092.98
54,female,31.1,0,yes,northwest,28052.31
22,male,39.8,1,no,southeast,12915.2
64,female,38.1,1,yes,southeast,32589.67
54,female,30.1,1,no,southeast,9815.96
18,male,36.8,2,yes,northwest,37660.58
21,female,29.0,0,no,southwest,1179.85
52,male,36.8,1,no,northwest,30442.56
31,female,30.2,3,no,southwest,1622.08
18,female,30.2,1,no,northeast,2174.66
34,male,27.1,1,no,northwest,9340.55
33,female,40.3,1,no,northeast,8786.91
27,female,21.9,0,no,northeast,13115.3
48,female,20.9,2,no,southwest,7076.68
18,male,27.3,3,yes,northeast,17608.31
26,male,37.7,2,no,northwest,5337.02
53,female,28.3,1,yes,southwest,22281.44
53,female,40.1,0,no,northwest,8981.22
23,male,30.7,0,yes,southeast,39326.0
39,female,29.8,0,no,northwest,25543.29
25,male,25.1,1,no,southwest,3693.23
22,male,28.1,2,no,northeast,11848.46
59,male,26.7,2,yes,northeast,37922.95
63,male,28.0,0,yes,northwest,28354.43
51,male,22.2,0,no,southwest,8073.72
21,male,33.7,0,no,southeast,1228.6
50,male,28.0,3,yes,northwest,29487.22
18,female,38.8,0,yes,southeast,14837.1
62,male,27.1,1,no,northwest,8262.11
45,female,24.9,3,yes,northwest,39410.82
46,male,41.4,3,yes,southeast,44756.24
57,male,30.0,0,no,southeast,2010.66
27,female,32.1,2,no,southeast,6196.99
33,female,32.5,3,no,northwest,10102.53
41,female,37.1,1,no,northwest,9312.2
32,male,36.1,0,no,southeast,6146.79
60,male,33.2,0,no,southeast,11052.18
53,female,32.1,0,yes,southwest,40425.99
42,male,37.4,5,yes,northwest,6046.15
25,female,31.4,3,no,northeast,4956.65
35,female,25.6,0,no,southwest,2317.17
20,female,37.7,1,no,southwest,5286.6
28,male,30.0,3,yes,northeast,39744.53
62,male,34.9,5,no,northeast,10492.41
24,male,40.8,2,no,southeast,2318.03
47,male,44.4,1,yes,northeast,26875.1
18,male,22.1,0,no,northeast,1706.77
58,male,37.4,3,no,southeast,28692.51
33,male,35.0,0,no,northeast,14642.18
30,female,36.1,1,no,southeast,11230.16
55,male,34.6,0,no,northwest,10412.39
36,female,41.4,0,no,northwest,4550.72
33,male,25.9,2,no,northwest,5003.8
45,male,23.7,2,no,northwest,10969.22
29,male,28.5,1,no,southeast,5029.49
24,female,41.1,0,no,southwest,6030.96
34,male,28.1,2,no,northeast,6794.78
46,female,38.0,2,no,southeast,8030.48
55,female,27.9,0,no,southeast,12350.21
42,male,27.7,2,no,northwest,1714.56
57,female,37.7,1,no,northeast,8615.63
40,female,29.9,1,no,southeast,8056.51
55,female,32.1,0,no,northeast,14049.05
25,female,36.0,2,yes,southeast,46488.15
45,male,30.9,2,no,southwest,4753.14
44,female,39.0,0,yes,southeast,42478.11
23,female,23.0,2,no,southwest,11706.18
56,male,34.6,0,no,northwest,12495.11
50,male,32.7,3,no,northwest,9306.59
56,female,24.7,0,no,southwest,48494.72
28,male,39.7,3,no,southwest,11334.3
34,male,33.7,1,no,northeast,3948.67
63,female,25.3,0,no,southwest,5312.49
34,male,38.3,3,no,northwest,6538.29
45,male,31.7,1,no,northeast,5282.63
59,female,37.1,2,no,southwest,2060.12
38,female,27.4,0,no,northeast,5724.75
46,female,32.6,0,yes,southwest,45093.59
38,female,32.0,1,no,northwest,7111.23
50,male,32.7,0,yes,southeast,44190.45
63,male,25.2,0,no,southwest,14290.94
42,male,33.2,2,no,northeast,5633.87
25,male,36.5,0,yes,northwest,43814.46
40,male,19.1,0,yes,southeast,34910.52
18,female,40.2,0,yes,northeast,45785.69
50,female,32.2,0,no,northeast,9901.39
41,male,29.6,0,yes,southwest,19282.05
45,female,32.5,0,no,southwest,3471.95
45,female,23.0,2,no,northwest,11658.58
49,male,31.5,0,no,northeast,8887.69
60,male,37.8,0,no,southwest,12931.89
43,male,20.2,1,yes,northeast,18708.89
27,male,34.1,0,yes,southwest,34940.18
45,female,33.0,0,no,southwest,10207.48
37,female,24.1,0,yes,southeast,25762.81
48,female,32.3,2,no,northwest,9383.26
45,male,31.9,1,yes,southeast,45825.77
26,male,24.2,2,yes,northwest,26064.48
45,male,23.2,1,no,northeast,8628.88
45,male,31.8,0,no,southeast,8338.21
49,male,34.7,2,no,northwest,7806.74
29,female,30.6,2,no,southwest,4964.81
48,female,28.9,1,no,northeast,7157.91
24,female,31.2,0,yes,southwest,35917.72
64,male,34.7,0,no,southeast,14260.97
44,male,25.6,2,yes,southeast,38341.56
48,female,26.8,0,yes,northeast,39034.65
40,female,31.4,2,no,southwest,4514.36
62,male,29.5,0,yes,southeast,27601.18
18,male,29.2,0,no,southeast,1704.27
55,male,44.1,0,yes,southwest,29070.16
19,male,24.5,1,no,northeast,1927.9
27,female,19.1,0,no,southeast,4165.8
27,female,30.9,2,yes,northeast,45774.21
40,male,30.7,3,no,northwest,11498.85
40,male,27.1,1,no,northeast,8183.71
21,female,29.8,0,no,southeast,2837.59
46,male,32.5,1,no,southwest,8097.06
58,male,31.5,2,yes,southeast,27306.07
47,male,29.8,1,yes,southwest,20634.41
45,male,34.2,2,no,southwest,8452.01
55,male,25.2,2,no,northeast,11894.29
60,female,24.4,0,no,northwest,12581.79
29,male,33.6,1,no,northwest,5165.85
34,male,34.1,1,yes,southeast,40940.12
60,female,30.7,0,no,southeast,13364.44
47,male,34.3,3,yes,southeast,41302.89
50,male,32.1,0,no,southeast,9557.49
57,female,32.0,3,yes,southeast,44369.54
45,female,35.9,3,no,southwest,8458.1
19,female,27.5,0,no,northwest,14205.65
55,female,27.1,2,no,southwest,6360.73
52,male,30.0,1,no,southwest,8426.56
45,female,23.7,0,no,southeast,3566.81
25,female,23.7,0,no,southwest,2714.14
58,female,29.7,0,no,southeast,13209.31
18,female,33.1,3,no,northwest,1519.4
51,male,22.6,2,no,northeast,2750.79
44,male,25.3,0,no,northwest,2945.15
25,male,23.8,2,no,southeast,4030.1
43,male,30.1,3,yes,southwest,43308.02
28,male,31.0,0,no,northwest,12819.69
40,female,27.9,2,yes,northeast,21524.82
33,female,33.3,0,no,northwest,10016.98
27,female,38.1,0,no,northeast,8039.08
46,female,31.3,3,yes,southwest,44080.0
48,male,42.6,2,no,northwest,8839.02
49,male,24.0,2,no,southeast,10514.78
42,male,46.5,2,no,northwest,4428.89
46,male,17.4,0,no,northeast,10971.33
30,male,26.5,1,yes,northeast,39047.4
34,female,31.6,0,yes,northeast,32537.3
58,male,33.7,2,yes,northwest,19613.23
39,female,24.5,0,no,northwest,6595.41
44,male,28.4,4,no,northwest,5936.1
44,male,26.0,0,no,northeast,14372.28
58,female,34.2,0,yes,northwest,41743.89
64,female,31.6,2,yes,northwest,14839.36
33,male,36.0,1,no,northeast,27728.45
19,male,47.0,1,no,northwest,29209.18
37,male,27.3,1,no,northeast,8639.41
20,male,38.8,0,no,southwest,3077.09
31,female,23.5,3,no,northwest,4139.19
31,female,26.0,0,no,southeast,24874.89
53,male,40.2,2,no,southwest,11121.26
45,male,37.6,1,no,northeast,9719.57
38,male,25.7,4,no,southwest,14369.63
62,female,27.7,0,no,southwest,11621.58
18,female,27.7,2,no,southeast,22316.94
40,female,25.8,1,no,southeast,7968.0
40,female,24.7,4,yes,northwest,3675.19
18,male,31.7,0,yes,southwest,6029.88
31,male,36.7,2,no,southwest,4611.78
20,female,20.6,1,no,southwest,12150.38
51,male,32.1,1,no,northeast,9986.16
46,male,46.9,3,no,southeast,6344.06
40,male,44.3,0,no,southeast,6670.14
36,female,33.4,1,no,northwest,7456.64
52,male,25.4,1,no,southwest,9810.02
29,female,22.2,0,no,northeast,9893.16
60,female,29.3,0,no,northeast,12098.01
49,female,21.6,1,no,northwest,6243.43
56,male,34.7,0,no,southwest,10993.29
48,female,29.4,4,yes,southwest,39628.04
43,male,34.0,2,yes,southeast,49574.83
18,female,21.3,1,no,northeast,1702.48
42,female,26.1,2,no,northwest,5407.57
27,female,36.6,3,no,southeast,5526.44
36,female,33.8,4,no,southeast,7131.96
25,female,25.2,0,yes,northwest,20074.21
33,male,25.0,0,no,northeast,7781.18
55,male,35.5,0,no,southeast,11810.85
20,male,30.2,0,no,southeast,2221.76
46,female,27.4,3,yes,northeast,21992.27
36,female,30.4,3,no,southwest,38384.85
47,male,41.4,1,yes,southeast,46031.79
20,female,25.5,0,no,southwest,12149.85
53,female,17.4,3,no,northwest,9219.9
47,male,33.5,1,no,southwest,10200.7
18,female,27.8,3,no,southwest,2180.56
41,male,25.2,1,no,southwest,6347.63
26,female,32.0,0,no,northwest,5339.75
19,male,25.8,0,no,northwest,12289.22
40,male,25.6,1,no,northeast,7773.73
49,female,21.6,1,no,northwest,9608.78
32,female,37.9,3,no,northeast,6512.27
30,female,37.4,1,no,northeast,3278.13
55,male,33.7,3,no,northeast,3476.47
34,female,19.4,1,no,northwest,5080.09
53,female,21.6,1,no,northeast,10857.73
35,female,28.2,0,no,southeast,12712.93
54,male,28.6,3,no,northeast,5310.55
39,female,29.7,1,no,southeast,6982.17
43,female,29.8,4,yes,northwest,21372.15
47,male,31.2,0,no,southeast,44138.01
58,male,23.9,2,no,northwest,30201.39
49,male,36.8,1,no,southeast,7853.09
19,male,34.3,0,no,northwest,1672.83
55,male,27.6,2,no,northwest,4571.84
37,male,27.9,2,no,northeast,8799.01
50,female,18.5,0,no,northwest,13128.77
34,male,39.8,0,yes,northwest,34998.11
58,male,26.0,1,no,northwest,12059.39
35,female,25.2,3,yes,northwest,38634.7
53,female,20.9,0,no,southwest,5390.9
61,female,31.9,1,no,northwest,12648.7
41,male,32.2,2,no,northeast,5656.17
32,female,37.1,1,yes,northeast,41730.78
53,female,21.4,0,no,northeast,7901.35
52,female,25.7,0,no,southwest,14064.72
32,male,44.8,3,yes,southeast,4468.41
37,female,23.5,2,no,southwest,6317.62
20,male,25.0,0,no,southwest,1892.63
20,female,33.8,3,yes,northeast,33222.32
44,male,46.0,2,no,northeast,5608.96
20,female,28.1,0,no,southwest,1157.82
46,male,26.6,1,no,northeast,8492.32
36,male,28.6,1,yes,northeast,20117.7
20,female,20.3,0,no,northeast,11986.77
31,female,28.5,3,no,southwest,3413.79
35,female,27.1,1,no,northwest,4772.06
36,female,28.9,2,yes,southeast,15971.6
64,male,37.0,2,yes,southwest,48194.79
38,male,25.3,1,no,northwest,13308.94
39,male,32.3,0,no,northwest,7300.59
34,male,37.4,0,no,southeast,2025.33
58,female,34.0,0,yes,southeast,47680.89
51,male,29.3,1,no,southwest,6965.6
57,male,31.9,3,no,southeast,2966.38
29,male,35.4,5,no,northeast,4664.71
58,female,33.0,0,no,southwest,13009.15
18,male,31.2,0,no,southeast,2308.35
23,male,33.5,3,no,northeast,6301.24
62,male,33.4,0,no,northwest,8240.14
55,female,33.1,0,no,southeast,13915.45
43,female,24.4,0,no,northwest,8755.5
51,male,26.1,1,yes,northwest,39979.44
23,male,38.8,1,no,northeast,9746.71
56,female,24.9,0,no,northeast,12240.93
24,male,37.3,0,no,northwest,12893.04
51,male,30.6,4,no,southeast,9408.53
18,male,42.3,0,yes,southeast,32841.99
39,female,32.1,2,no,northwest,7222.57
34,female,30.5,0,no,northeast,5093.49
64,male,35.6,0,yes,southwest,18398.84
35,female,37.3,0,yes,southeast,28623.56
32,male,35.3,0,no,southwest,5704.07
62,female,25.1,0,no,southwest,2606.05
19,female,28.3,3,yes,southwest,17004.47
62,female,40.2,1,no,southeast,11544.82
63,male,30.7,3,no,northeast,30432.86
43,female,36.1,1,no,southeast,4415.35
40,female,28.4,1,yes,northeast,21646.47
57,female,47.2,0,yes,northeast,46246.9
54,female,21.4,2,yes,northeast,25398.2
28,female,24.2,0,no,northwest,3996.4
57,female,41.2,0,no,southeast,7385.73
18,female,25.8,0,yes,southeast,1708.47
26,male,35.2,1,yes,southwest,47258.0
22,female,29.6,0,no,southeast,2792.44
47,male,27.3,2,yes,southwest,28592.34
59,female,25.8,1,yes,northwest,20451.9
62,female,32.5,0,yes,southwest,48305.36
37,male,19.7,4,no,northeast,9339.08
30,female,21.2,0,no,northeast,2219.82
19,male,25.5,2,no,southeast,4440.54
30,female,21.0,0,no,northeast,12866.49
27,female,32.1,3,no,northeast,43992.58
30,female,35.2,2,no,southeast,4553.91
52,male,33.4,2,no,northeast,6102.79
32,male,33.5,5,no,southeast,9529.24
26,female,28.0,1,no,southwest,3318.02
34,male,24.9,4,yes,northeast,25786.48
20,female,27.3,0,no,southeast,11713.97
55,female,35.4,3,yes,southeast,14089.92
33,female,36.0,0,yes,southwest,16251.12
63,female,39.3,0,no,northeast,27730.1
55,female,29.2,0,no,southwest,11024.13
46,male,24.6,0,no,northeast,8357.49
57,female,23.0,3,no,northwest,13044.98
34,male,30.2,2,yes,southwest,36067.53
44,female,23.0,5,no,southeast,3329.37
64,male,31.4,2,no,northwest,13099.74
36,female,26.2,0,no,southeast,4995.71
32,male,18.9,1,no,southeast,4616.23
37,female,35.1,0,no,southeast,7233.75
60,male,28.0,0,no,southwest,13326.81
57,female,21.9,1,no,northeast,11409.93
50,female,37.1,2,no,northeast,8699.84
54,female,36.8,2,no,northeast,9851.53
58,female,33.3,2,no,southwest,11306.8
29,male,24.7,4,no,northeast,4168.89
30,female,33.9,3,no,northeast,3954.86
63,female,31.6,3,no,southwest,13981.98
49,female,24.1,1,no,northeast,10555.16
36,male,41.6,3,no,northeast,5510.0
28,male,17.4,0,no,northeast,2105.61
38,male,29.1,0,no,northeast,11092.7
56,male,23.5,0,no,northwest,13247.98
25,female,23.6,0,no,northwest,3211.98
51,male,37.3,0,no,southwest,11308.43
21,male,41.9,0,yes,southeast,38578.91
64,female,23.0,0,no,northwest,2965.74
38,female,21.2,0,no,southwest,9772.4
52,female,34.0,3,no,northwest,9533.81
27,male,22.0,2,yes,northeast,18297.62
22,male,31.8,0,no,southeast,1663.97
59,female,20.1,0,no,southwest,2141.61
48,male,29.9,3,no,northeast,8835.73
47,female,30.5,3,no,northeast,23827.25
56,male,33.6,1,no,southwest,13900.73
24,female,22.1,1,no,northwest,5786.37
53,male,25.4,1,yes,northeast,19907.23
52,male,28.5,2,no,northeast,8962.96
56,female,21.8,0,no,northeast,12203.41
19,female,32.7,2,yes,southwest,36399.73
20,male,39.7,2,no,northwest,7156.57
24,female,36.4,1,no,northwest,5139.93
48,male,29.4,1,yes,northwest,21611.79
55,male,24.0,0,no,northwest,12539.03
42,female,30.1,3,yes,northeast,25462.68
47,female,30.8,2,no,southwest,4016.56
47,male,33.2,1,no,southwest,9523.61
42,female,31.3,0,no,southeast,20720.61
32,female,38.1,3,no,southeast,2248.84
39,female,25.6,1,no,northeast,7900.49
37,female,40.8,3,no,northwest,6419.93
23,female,33.2,0,no,southeast,2213.76
59,male,21.1,2,yes,southwest,34569.11
27,male,28.3,2,no,northeast,3980.52
45,female,38.9,2,yes,southeast,42984.99
32,male,28.4,1,no,northwest,8336.91
22,female,28.7,1,no,northwest,13090.77
20,female,25.4,1,no,northeast,4845.85
58,male,23.2,0,no,southeast,11967.24
60,male,37.1,2,no,southeast,12145.07
55,female,27.4,2,no,northwest,27696.72
46,female,33.3,2,no,southeast,15588.5
31,female,27.6,1,no,northeast,3552.1
35,female,47.5,0,no,southwest,18686.21
59,female,22.9,0,no,northwest,2094.66
38,female,29.7,0,no,southeast,10837.64
49,male,29.8,4,no,southwest,9189.74
48,female,27.9,3,no,southeast,8692.56
38,male,25.5,1,no,northwest,5706.17
40,female,33.9,2,no,northwest,7925.07
54,female,19.8,1,no,northeast,4749.73
43,female,24.3,1,no,northwest,21536.04
56,female,24.2,1,yes,southeast,13564.12
30,male,25.2,0,no,southwest,4967.95
